{
    "6969": {
        "area_under_roc_curve": {
            "both": {
                "correlation": 0.4527750697848273,
                "mse": 0.5994069087999444,
                "rmse": 0.7447247400935806
            },
            "metas": {
                "correlation": 0.0,
                "mse": 0.9761904761904762,
                "rmse": 0.9761904764196346
            },
            "params": {
                "correlation": 0.4272738566105686,
                "mse": 0.6493566033951956,
                "rmse": 0.7835202722018595
            }
        },
        "f_measure": {
            "both": {
                "correlation": 0.5301509207538664,
                "mse": 0.5578721707495298,
                "rmse": 0.7075987769329449
            },
            "metas": {
                "correlation": 0.0,
                "mse": 1.0,
                "rmse": 1.0
            },
            "params": {
                "correlation": 0.4945134457257903,
                "mse": 0.6228520134164431,
                "rmse": 0.7628697425681006
            }
        },
        "kappa": {
            "both": {
                "correlation": 0.5364867972485908,
                "mse": 0.5493573621880063,
                "rmse": 0.6999501787187663
            },
            "metas": {
                "correlation": 0.0,
                "mse": 1.0,
                "rmse": 1.0
            },
            "params": {
                "correlation": 0.4860932193156383,
                "mse": 0.6354200938304009,
                "rmse": 0.7704070873013549
            }
        },
        "predictive_accuracy": {
            "both": {
                "correlation": 0.49111003659989455,
                "mse": 0.5838056691624138,
                "rmse": 0.7339490795595747
            },
            "metas": {
                "correlation": 0.0,
                "mse": 1.0,
                "rmse": 1.0
            },
            "params": {
                "correlation": 0.4563443602381668,
                "mse": 0.6706802862625777,
                "rmse": 0.7981571992781197
            }
        }
    },
    "6970": {
        "area_under_roc_curve": {
            "both": {
                "correlation": 0.328180872242467,
                "mse": 0.771160343940347,
                "rmse": 0.8581735169571697
            },
            "metas": {
                "correlation": 0.0,
                "mse": 1.0,
                "rmse": 1.0
            },
            "params": {
                "correlation": 0.2613841449222355,
                "mse": 0.8443344137423398,
                "rmse": 0.910012179828024
            }
        },
        "f_measure": {
            "both": {
                "correlation": 0.3801569194205391,
                "mse": 0.5932653491385921,
                "rmse": 0.7370851461751988
            },
            "metas": {
                "correlation": 0.0,
                "mse": 1.0,
                "rmse": 1.0
            },
            "params": {
                "correlation": 0.32829965979218634,
                "mse": 0.6723229748246035,
                "rmse": 0.7932011870097665
            }
        },
        "kappa": {
            "both": {
                "correlation": 0.3700057658052931,
                "mse": 0.6238502101933797,
                "rmse": 0.7506212787134389
            },
            "metas": {
                "correlation": 0.0,
                "mse": 1.0,
                "rmse": 1.0
            },
            "params": {
                "correlation": 0.3120946796177392,
                "mse": 0.6721041580439828,
                "rmse": 0.790029327309631
            }
        },
        "predictive_accuracy": {
            "both": {
                "correlation": 0.35441145066005647,
                "mse": 0.6613531914056593,
                "rmse": 0.7830964609858164
            },
            "metas": {
                "correlation": 0.0,
                "mse": 1.0,
                "rmse": 1.0
            },
            "params": {
                "correlation": 0.30513782153614755,
                "mse": 0.7706567507445835,
                "rmse": 0.8583523426127173
            }
        }
    },
    "8315": {
        "area_under_roc_curve": {
            "both": {
                "correlation": 0.4794593937045509,
                "mse": 0.5801405552837157,
                "rmse": 0.7167467669867972
            },
            "metas": {
                "correlation": 0.0,
                "mse": 1.0,
                "rmse": 1.0
            },
            "params": {
                "correlation": 0.5179139304373825,
                "mse": 0.5361868077890408,
                "rmse": 0.6980116119585942
            }
        },
        "f_measure": {
            "both": {
                "correlation": 0.5499876670374786,
                "mse": 0.6031320139648396,
                "rmse": 0.7370271554780559
            },
            "metas": {
                "correlation": 0.0,
                "mse": 1.0,
                "rmse": 1.0
            },
            "params": {
                "correlation": 0.5045785366965302,
                "mse": 0.6448540750383582,
                "rmse": 0.7840898827434679
            }
        },
        "kappa": {
            "both": {
                "correlation": 0.5507901359751383,
                "mse": 0.6204152422163443,
                "rmse": 0.7396641048764296
            },
            "metas": {
                "correlation": 0.0,
                "mse": 1.0,
                "rmse": 1.0
            },
            "params": {
                "correlation": 0.49056472154659725,
                "mse": 0.6616815997506792,
                "rmse": 0.7944951562734651
            }
        },
        "predictive_accuracy": {
            "both": {
                "correlation": 0.5129208693069831,
                "mse": 0.6002557435946505,
                "rmse": 0.7351480814944624
            },
            "metas": {
                "correlation": 0.0,
                "mse": 1.0,
                "rmse": 1.0
            },
            "params": {
                "correlation": 0.4995468220259244,
                "mse": 0.62701283223582,
                "rmse": 0.7698366067585006
            }
        }
    },
    "8317": {
        "area_under_roc_curve": {
            "both": {
                "correlation": 0.5041435191758612,
                "mse": 0.8141807218467628,
                "rmse": 0.8250033409374613
            },
            "metas": {
                "correlation": 0.0,
                "mse": 1.0000000000000002,
                "rmse": 1.0
            },
            "params": {
                "correlation": 0.42789981083732564,
                "mse": 0.7818867447159508,
                "rmse": 0.8545080486273271
            }
        },
        "f_measure": {
            "both": {
                "correlation": 0.5088410240679014,
                "mse": 0.8607662945559221,
                "rmse": 0.8458102909354224
            },
            "metas": {
                "correlation": 0.0,
                "mse": 1.0000000000000002,
                "rmse": 1.0
            },
            "params": {
                "correlation": 0.4375728493734989,
                "mse": 0.7847665358201984,
                "rmse": 0.8558365848714437
            }
        },
        "kappa": {
            "both": {
                "correlation": 0.5161297023618997,
                "mse": 0.8194519942455958,
                "rmse": 0.8226210794950374
            },
            "metas": {
                "correlation": 0.0,
                "mse": 1.0000000000000002,
                "rmse": 1.0
            },
            "params": {
                "correlation": 0.4305158413169336,
                "mse": 0.7809213304563539,
                "rmse": 0.8533563005049003
            }
        },