{
        "6969": {
        "area_under_roc_curve": {
            "both": {
                "correlation": 0.48716387128986083,
                "mse": 0.5492523588698105,
                "rmse": 0.7039155984636734
            },
            "metafeatures": {
                "correlation": 0.0,
                "mse": 0.9761904761904762,
                "rmse": 0.9761904765484088
            },
            "hyperparameters": {
                "correlation": 0.4267575932873846,
                "mse": 0.6585721009438251,
                "rmse": 0.7893204671832328
            }
        },
        "f_measure": {
            "both": {
                "correlation": 0.5336210486291728,
                "mse": 0.5470911657730737,
                "rmse": 0.6920104336674687
            },
            "metafeatures": {
                "correlation": 0.0,
                "mse": 1.0,
                "rmse": 1.0
            },
            "hyperparameters": {
                "correlation": 0.492347655342459,
                "mse": 0.6261678608401721,
                "rmse": 0.7651591347876994
            }
        },
        "kappa": {
            "both": {
                "correlation": 0.537048166680137,
                "mse": 0.5418055556603123,
                "rmse": 0.686041421528167
            },
            "metafeatures": {
                "correlation": 0.0,
                "mse": 1.0,
                "rmse": 1.0
            },
            "hyperparameters": {
                "correlation": 0.48443066273365193,
                "mse": 0.6383590624675864,
                "rmse": 0.7721898971429982
            }
        },
        "predictive_accuracy": {
            "both": {
                "correlation": 0.513799321447848,
                "mse": 0.5485989429573178,
                "rmse": 0.7036275228856864
            },
            "metafeatures": {
                "correlation": 0.0,
                "mse": 1.0000000000000004,
                "rmse": 1.0
            },
            "hyperparameters": {
                "correlation": 0.4551345490088207,
                "mse": 0.6762924873801031,
                "rmse": 0.8015672618155505
            }
        }
    },
    "6970": {
        "area_under_roc_curve": {
            "both": {
                "correlation": 0.37059225486173375,
                "mse": 0.707290890617453,
                "rmse": 0.80753124036725
            },
            "params": {
                "correlation": 0.24743249337725845,
                "mse": 0.8521561737956533,
                "rmse": 0.9127103087620732
            }
        },
        "f_measure": {
            "both": {
                "correlation": 0.3870833042022889,
                "mse": 0.5756276499356365,
                "rmse": 0.7205332746195094
            },
            "params": {
                "correlation": 0.32615340019002725,
                "mse": 0.7090243842985606,
                "rmse": 0.8109022646956573
            }
        },
        "kappa": {
            "both": {
                "correlation": 0.3752877249661829,
                "mse": 0.6187600724302789,
                "rmse": 0.7411449285151841
            },
            "params": {
                "correlation": 0.2972767012437452,
                "mse": 0.6922228496935353,
                "rmse": 0.8022976759357412
            }
        },
        "predictive_accuracy": {
            "both": {
                "correlation": 0.3853643492643364,
                "mse": 0.6268293239326655,
                "rmse": 0.7561907924054162
            },
            "params": {
                "correlation": 0.3007339037584117,
                "mse": 0.8088682172458003,
                "rmse": 0.8753440393939239
            }
        }
    },
    "8315": {
        "area_under_roc_curve": {
            "both": {
                "correlation": 0.47949314227105144,
                "mse": 0.5990304589012206,
                "rmse": 0.7144032147819698
            },
            "params": {
                "correlation": 0.5146175845915253,
                "mse": 0.5490234060025422,
                "rmse": 0.7073102234847661
            }
        },
        "f_measure": {
            "both": {
                "correlation": 0.5507362881859184,
                "mse": 0.655341576047923,
                "rmse": 0.7387371172884373
            },
            "params": {
                "correlation": 0.5029088272535334,
                "mse": 0.6637556787502447,
                "rmse": 0.7956324212845449
            }
        },
        "kappa": {
            "both": {
                "correlation": 0.5518896585600769,
                "mse": 0.6188212101132695,
                "rmse": 0.7251963416162327
            },
            "params": {
                "correlation": 0.48890658290001615,
                "mse": 0.6800290333826351,
                "rmse": 0.8059116725785103
            }
        },
        "predictive_accuracy": {
            "both": {
                "correlation": 0.5343802314256693,
                "mse": 0.6159025884085222,
                "rmse": 0.7284747406975967
            },
            "params": {
                "correlation": 0.4957104491206367,
                "mse": 0.6467372489192865,
                "rmse": 0.7832822434934308
            }
        }
    },
    "8317": {
        "area_under_roc_curve": {
            "both": {
                "correlation": 0.5377945471576505,
                "mse": 0.7405484439363104,
                "rmse": 0.7951716876281328
            },
            "params": {
                "correlation": 0.4154620671307355,
                "mse": 0.7848402628470915,
                "rmse": 0.8563217286141859
            }
        },
        "f_measure": {
            "both": {
                "correlation": 0.5171107611832935,
                "mse": 0.9187750169852211,
                "rmse": 0.8630973012742615
            },
            "params": {
                "correlation": 0.4260456127012983,
                "mse": 0.7877284241755483,
                "rmse": 0.8577160535203225
            }
        },
        "kappa": {
            "both": {
                "correlation": 0.5207538239066373,
                "mse": 0.8943304509371107,
                "rmse": 0.8510041238722565
            },
            "params": {
                "correlation": 0.41846379529421807,
                "mse": 0.7838799748801031,
                "rmse": 0.855204936567275
            }
        },
        "predictive_accuracy": {
            "both": {
                "correlation": 0.44465753970863475,
                "mse": 0.9285388836610567,
                "rmse": 0.8710779493845051
            },
            "params": {
                "correlation": 0.41122396327096783,
                "mse": 0.7723546651181348,
                "rmse": 0.8460089127012714
            }
        }
    }
}