{
    "6969": {
        "area_under_roc_curve": {
            "both": {
                "correlation": 0.3908638466794013,
                "mse": 0.008074788168129276,
                "rmse": 0.06225851641709684
            },
            "metas": {
                "correlation": 0.0,
                "mse": 0.008265999198106848,
                "rmse": 0.06269190802584311
            },
            "params": {
                "correlation": 0.3403833035851776,
                "mse": 0.011166890283861312,
                "rmse": 0.09004032699509701
            }
        },
        "f_measure": {
            "both": {
                "correlation": 0.5064083346234889,
                "mse": 0.010120280159236881,
                "rmse": 0.07397590284900459
            },
            "metas": {
                "correlation": 0.0,
                "mse": 0.010473339890275993,
                "rmse": 0.07637469321551249
            },
            "params": {
                "correlation": 0.47232546990743207,
                "mse": 0.026553447733853246,
                "rmse": 0.13363856111914463
            }
        },
        "kappa": {
            "metas": {
                "correlation": 0.0,
                "mse": 0.010842322822050578,
                "rmse": 0.07740386348644852
            },
            "params": {
                "correlation": 0.44560712177729717,
                "mse": 0.02297228655026784,
                "rmse": 0.13470132175612168
            },
            "both": {
                "correlation": 0.48078520244755296,
                "mse": 0.010474023935350189,
                "rmse": 0.07662897001792328
            }
        },
        "predictive_accuracy": {
            "both": {
                "correlation": 0.4277808887187449,
                "mse": 0.007763509801292201,
                "rmse": 0.06646399399039672
            },
            "metas": {
                "correlation": 0.0,
                "mse": 0.007835051518489138,
                "rmse": 0.06730728136600259
            },
            "params": {
                "correlation": 0.42420286968474,
                "mse": 0.024126427096291283,
                "rmse": 0.12486250714539814
            }
        }
    },
    "6970": {
        "area_under_roc_curve": {
            "both": {
                "correlation": 0.31134850567417227,
                "mse": 0.010644392158771773,
                "rmse": 0.07927870577770187
            },
            "metas": {
                "correlation": 0.0,
                "mse": 0.011076959416354806,
                "rmse": 0.08194357395375383
            },
            "params": {
                "correlation": 0.24683037191137913,
                "mse": 0.015074308191665392,
                "rmse": 0.10953776226882055
            }
        },
        "f_measure": {
            "both": {
                "correlation": 0.33788513229386874,
                "mse": 0.01317446233449784,
                "rmse": 0.09542495781815251
            },
            "metas": {
                "correlation": 0.0,
                "mse": 0.017260739511442764,
                "rmse": 0.10881483112129124
            },
            "params": {
                "correlation": 0.31429544506196094,
                "mse": 0.031234166095279917,
                "rmse": 0.1452635255769361
            }
        },
        "kappa": {
            "both": {
                "correlation": 0.31790364691659195,
                "mse": 0.013649678781015811,
                "rmse": 0.09261592465608796
            },
            "metas": {
                "correlation": 0.0,
                "mse": 0.015101823621598459,
                "rmse": 0.10177878111582027
            },
            "params": {
                "correlation": 0.28503085755716995,
                "mse": 0.024129806376973078,
                "rmse": 0.14360127447749665
            }
        },
        "predictive_accuracy": {
            "both": {
                "correlation": 0.30324037052034314,
                "mse": 0.010948566449983784,
                "rmse": 0.0855501868753163
            },
            "metas": {
                "correlation": 0.0,
                "mse": 0.014869093412240844,
                "rmse": 0.09907456360836923
            },
            "params": {
                "correlation": 0.28404614140642775,
                "mse": 0.029548144717743988,
                "rmse": 0.13868571424235807
            }
        }
    },
    "8315": {
        "area_under_roc_curve": {
            "both": {
                "correlation": 0.45538992483098106,
                "mse": 0.009683305926578224,
                "rmse": 0.0657460410727978
            },
            "metas": {
                "correlation": 0.0,
                "mse": 0.009634073068120669,
                "rmse": 0.06626929289090835
            },
            "params": {
                "correlation": 0.32622694096518795,
                "mse": 0.011119719989223046,
                "rmse": 0.08450404301840954
            }
        },
        "f_measure": {
            "both": {
                "correlation": 0.49768384126588605,
                "mse": 0.02012142325537904,
                "rmse": 0.10368910130469026
            },
            "metas": {
                "correlation": 0.0,
                "mse": 0.020503455965590438,
                "rmse": 0.10760962923110924
            },
            "params": {
                "correlation": 0.4171459342208818,
                "mse": 0.02567535285300046,
                "rmse": 0.128058015507651
            }
        },
        "kappa": {
            "both": {
                "correlation": 0.5005625704705541,
                "mse": 0.011977531731787222,
                "rmse": 0.08046587713706607
            },
            "metas": {
                "correlation": 0.0,
                "mse": 0.011465975380624762,
                "rmse": 0.08078937148270068
            },
            "params": {
                "correlation": 0.4005561738866153,
                "mse": 0.02088885383965399,
                "rmse": 0.12899214839898807
            }
        },
        "predictive_accuracy": {
            "both": {
                "correlation": 0.46759014022679707,
                "mse": 0.018225914096142683,
                "rmse": 0.09613657333656338
            },
            "metas": {
                "correlation": 0.0,
                "mse": 0.01840759460175795,
                "rmse": 0.09754439990428343
            },
            "params": {
                "correlation": 0.4101936865797772,
                "mse": 0.02384692647320467,
                "rmse": 0.1214282005109343
            }
        }
    },
    "8317": {
        "area_under_roc_curve": {
            "both": {
                "correlation": 0.5022819537577825,
                "mse": 0.022321070642722842,
                "rmse": 0.12974908275833905
            },
            "metas": {
                "correlation": 0.0,
                "mse": 0.027825972736717403,
                "rmse": 0.15219077527070557
            },
            "params": {
                "correlation": 0.3913142220565027,
                "mse": 0.02711949989041816,
                "rmse": 0.15815030297316748
            }
        },
        "f_measure": {
            "both": {
                "correlation": 0.46171400754396114,
                "mse": 0.04111124815701391,
                "rmse": 0.17759503344874678
            },
            "metas": {
                "correlation": 0.0,
                "mse": 0.0532754432243104,
                "rmse": 0.2014719086728895
            },
            "params": {
                "correlation": 0.424570899553105,
                "mse": 0.057292109993212284,
                "rmse": 0.21890781852613622
            }
        },
        "kappa": {
            "both": {
                "correlation": 0.49935130591738475,
                "mse": 0.023134023493570185,