{
    "6969": {
        "area_under_roc_curve": {
            "both": {
                "correlation": NaN,
                "mse": 0.010495566161675834
            },
            "metas": {
                "correlation": NaN,
                "mse": 0.01050032069832634
            },
            "params": {
                "correlation": NaN,
                "mse": 0.011166890283861312
            }
        },
        "f_measure": {
            "both": {
                "correlation": 0.33191293595097277,
                "mse": 0.026050223765840198
            },
            "metas": {
                "correlation": -0.00332003149270525,
                "mse": 0.026256715469061852
            },
            "params": {
                "correlation": 0.47232546990743207,
                "mse": 0.026553447733853246
            }
        },
        "kappa": {
            "both": {
                "correlation": 0.3024165228489885,
                "mse": 0.0898300040506107
            },
            "metas": {
                "correlation": -0.006288335295406992,
                "mse": 0.09018446631574058
            },
            "params": {
                "correlation": 0.44560712177729717,
                "mse": 0.0918891462180926
            }
        },
        "predictive_accuracy": {
            "both": {
                "correlation": 0.29334123975642284,
                "mse": 0.02367384424915172
            },
            "metas": {
                "correlation": -0.0013608732410505771,
                "mse": 0.023837074818123673
            },
            "params": {
                "correlation": 0.42420286968474,
                "mse": 0.024126427096291283
            }
        }
    },
    "6970": {
        "area_under_roc_curve": {
            "both": {
                "correlation": 0.14147189200950153,
                "mse": 0.01496652337632308
            },
            "metas": {
                "correlation": 0.002032782105807359,
                "mse": 0.015019591658595902
            },
            "params": {
                "correlation": 0.24683037191137913,
                "mse": 0.015074308191665392
            }
        },
        "f_measure": {
            "both": {
                "correlation": 0.26486723790838634,
                "mse": 0.03129260280209298
            },
            "metas": {
                "correlation": 0.005853622722405464,
                "mse": 0.033764957607466506
            },
            "params": {
                "correlation": 0.31429544506196094,
                "mse": 0.031234166095279917
            }
        },
        "kappa": {
            "both": {
                "correlation": 0.20532080263564567,
                "mse": 0.09767633334462048
            },
            "metas": {
                "correlation": 0.004234676036316075,
                "mse": 0.10077915721568338
            },
            "params": {
                "correlation": 0.2850308702559588,
                "mse": 0.0965192253681794
            }
        },
        "predictive_accuracy": {
            "both": {
                "correlation": 0.2355087488241715,
                "mse": 0.029642755406749727
            },
            "metas": {
                "correlation": 0.006633391986327985,
                "mse": 0.03152383664113371
            },
            "params": {
                "correlation": 0.28404614140642775,
                "mse": 0.029548144717743988
            }
        }
    },
    "8315": {
        "area_under_roc_curve": {
            "both": {
                "correlation": 0.14166046162539955,
                "mse": 0.013510709005455066
            },
            "metas": {
                "correlation": -0.004752985977317239,
                "mse": 0.013745446551558436
            },
            "params": {
                "correlation": 0.32622694096518795,
                "mse": 0.011119719989223077
            }
        },
        "f_measure": {
            "both": {
                "correlation": 0.2150752521788085,
                "mse": 0.032835963328425866
            },
            "metas": {
                "correlation": -0.002599298620232884,
                "mse": 0.033759286039984696
            },
            "params": {
                "correlation": 0.4171459342208818,
                "mse": 0.02567535285300046
            }
        },
        "kappa": {
            "both": {
                "correlation": 0.16931738402183946,
                "mse": 0.09873674366635458
            },
            "metas": {
                "correlation": -0.006688641348847344,
                "mse": 0.1018961255650596
            },
            "params": {
                "correlation": 0.4005561738866153,
                "mse": 0.08355541534700957
            }
        },
        "predictive_accuracy": {
            "both": {
                "correlation": 0.20434586323505866,
                "mse": 0.030139538421213936
            },
            "metas": {
                "correlation": -0.003125513751359966,
                "mse": 0.03104492522942259
            },
            "params": {
                "correlation": 0.4101936865797772,
                "mse": 0.02384692647320467
            }
        }
    },
    "8317": {
        "area_under_roc_curve": {
            "both": {
                "correlation": 0.2730822623164441,
                "mse": 0.03059482481670773
            },
            "metas": {
                "correlation": -0.0020071170140517746,
                "mse": 0.03388883353508042
            },
            "params": {
                "correlation": 0.3913142220565027,
                "mse": 0.02711949989041816
            }
        },
        "f_measure": {
            "both": {
                "correlation": 0.3409308195607869,
                "mse": 0.06503399111604641
            },
            "metas": {
                "correlation": -0.0039048925503208185,
                "mse": 0.07708677237035474
            },
            "params": {
                "correlation": 0.424570899553105,
                "mse": 0.057292109993212284
            }
        },
        "kappa": {
            "both": {
                "correlation": 0.2822886662152539,
                "mse": 0.11720307142650913
            },
            "metas": {
                "correlation": -0.0014722378708544558,
                "mse": 0.13047399405480606
            },
            "params": {
                "correlation": 0.39978202143360825,
                "mse": 0.10409052632003922
            }
        },
        "predictive_accuracy": {
            "both": {
                "correlation": 0.31662566061071734,
                "mse": 0.059024959549634874
            },
            "metas": {
                "correlation": -0.0018169473452768114,
                "mse": 0.06936405770102248
            },
            "params": {
                "correlation": 0.4181807133015854,
                "mse": 0.051925161153459465
            }
        }
    }
}