{
    "8315": {
        "area_under_roc_curve": {
            "both": {
                "correlation": 0.49403584175649085,
                "mse": 0.5921041385214254
            }
        },
        "f_measure": {
            "both": {
                "correlation": 0.5543982664248014,
                "mse": 0.6443396769755185
            }
        },
        "kappa": {
            "both": {
                "correlation": 0.5526915496540804,
                "mse": 0.6229533747820857
            }
        }
    }
}